section,component,kind,mass_lb,mass_sigma_pct,length_in,section_front_in,from_section_front_in,position_sigma_in,from_nose_tip_in,moment_lb_in,inertia_pitch_lb_in2,inertia_roll_lb_in2,inertia_sigma_pct,source,note
Nose Cone,Nose Cone,structure,1.272,0,,,10.78,0,10.78,13.712,39.089,6.354,0,ork,
Nose Cone,Bulkhead,structure,0.215,0,,,6.88,0,6.88,1.479,0.221,0.439,0,ork,
Nose Cone,Shock Cord,shock_cord,0.052,0,,,9.99,0,9.99,0.519,0.122,0.104,0,ork,
Nose Cone,SECTION,,1.539,,16.00,0.00,10.21,,10.21,15.710,42.232,6.897,,,

Payload Airframe,Payload Airframe,structure,2.478,0,,,15.50,0,31.50,78.057,206.386,15.956,0,ork,
Payload Airframe,Payload,tethered,6.000,0,,,5.00,0,21.00,126.000,136.640,17.280,0,CONFIRM,placeholder until the payload is built
Payload Airframe,Coupler,structure,1.008,0,,,31.00,0,47.00,47.376,11.430,6.055,0,ork,
Payload Airframe,Bulkhead 1,structure,0.328,0,,,19.88,0,35.88,11.769,0.514,1.024,0,ork,
Payload Airframe,Bulkhead 2,structure,0.328,0,,,25.23,0,41.23,13.523,0.514,1.024,0,ork,
Payload Airframe,AV Bay,structure,2.370,0,,,22.50,0,38.50,91.245,8.617,7.360,0,override,
Payload Airframe,Main Parachute,main,1.179,0,,,17.49,0,33.49,39.485,2.368,2.985,0,override,
Payload Airframe,Shock Cord,shock_cord,0.052,0,,,14.49,0,30.49,1.585,0.120,0.163,0,ork,
Payload Airframe,Shock Cord,shock_cord,0.052,0,,,29.49,0,45.49,2.365,0.175,0.133,0,ork,
Payload Airframe,SECTION,,13.795,,31.00,16.00,13.82,,29.82,411.405,1400.006,51.980,,,

Booster Airframe,Booster Airframe,structure,1.692,0,,,11.00,0,58.00,98.136,73.680,10.895,0,ork,
Booster Airframe,Motor Tube,structure,0.506,0,,,15.00,0,62.00,31.372,11.359,1.146,0,ork,
Booster Airframe,Bulkhead 3,structure,0.328,0,,,6.87,0,53.87,17.669,0.514,1.024,0,ork,
Booster Airframe,Centering Ring 2,structure,0.102,0,,,13.94,0,60.94,6.216,0.220,0.439,0,ork,
Booster Airframe,Centering Ring 1,structure,0.102,0,,,10.94,0,57.94,5.910,0.220,0.439,0,ork,
Booster Airframe,"rail button, fwd",structure,0.002,0,,,10.00,0,57.00,0.114,0.000,0.000,0,ork,
Booster Airframe,"rail button, aft",structure,0.002,0,,,15.00,0,62.00,0.124,0.000,0.000,0,ork,
Booster Airframe,Trapezoidal Fin Set,fins,0.541,0,,,19.42,0,66.42,35.933,9.321,14.314,0,ork,
Booster Airframe,Drogue Parachute,drogue,0.500,0,,,3.49,0,50.49,25.245,1.146,1.550,0,override,
Booster Airframe,SECTION,,3.775,,22.00,47.00,11.47,,58.47,220.719,176.792,29.807,,,

Boattail,Boattail,structure,0.137,0,,,1.22,0,70.22,9.620,0.412,0.684,0,ork,
Boattail,SECTION,,0.137,,2.50,69.00,1.22,,70.22,9.620,0.412,0.684,,,

AGGREGATE,Nose Cone,,1.539,,16.00,0.00,,,10.21,15.710,42.232,6.897,,,
AGGREGATE,Payload Airframe,,13.795,,31.00,16.00,,,29.82,411.405,1400.006,51.980,,,
AGGREGATE,Booster Airframe,,3.775,,22.00,47.00,,,58.47,220.719,176.792,29.807,,,
AGGREGATE,Boattail,,0.137,,2.50,69.00,,,70.22,9.620,0.412,0.684,,,
AGGREGATE,VEHICLE TOTAL,,19.246,,71.50,,,,34.16,657.424,5171.132,89.368,,,"dry: no motor, no ballast"
